ExtSourceFieldName	RDFieldName	FieldType	CDSINST1	CDSINST1_UPD	TREASURYINST1	TREASURYINST1_UPD	CORPINST1	CORPINST1_UPD	AGENCYINST1	AGENCYINST1_UPD	GENERICINST1	GENERICINST1_UPD	POOLINST1	POOLINST1_UPD	NEXT_TEST_CASES_FOR_RDINTSUP1204	T_INST1_UNSUPP_VALUES	C_INST1_UNSUPP_VALUES	A_INST1_UNSUPP_VALUES	G_INST1_UNSUPP_VALUES	P_INST1_UNSUPP_VALUES	F_INST1_UNSUPP_VALUES	F_INST1_MATURE
AccrualDateAdjType	AccrualDateAdjType	Integer	0	0	5	5	5	5	5	5	5	5	5	5		5	5	5	5	5	0	0
AccrualDateAdjTypeStr	AccrualDateAdjTypeStr	String	Undef	Undef	Mod bus day - unadj	None	Mod bus day - unadj	None	Mod bus day - unadj	None	Mod bus day - unadj	None	Mod bus day - unadj	None		None	None	None	None	None	Undef	Undef
Alias	Alias	String			T	T	C	C	A	A	G	G	P	P		T	C	A	G	P	F	F
BBGAbsolutePage	BBGAbsolutePage	String																				
BBGAccessType	BBGAccessType	String																				
BBGCalendarId	BBGCalendarId	String																				
BBGCategory	BBGCategory	String																				
BBGColor	BBGColor	String																				
BBGComments	BBGComments	String																				
BBGConditionCode	BBGConditionCode	String																				
BBGCountry	BBGCountry	String																				
BBGDefaultContributor	BBGDefaultContributor	String	MAIN	MAIN																		
BBGInstType	BBGInstType	Integer	0	0	0	0	0	0	0	0	0	0	0	0		0	0	0	0	0	0	0
BBGIsVisible	BBGIsVisible	Integer	0	0	0	0	0	0	0	0	0	0	0	0		0	0	0	0	0	0	0
BBGLoadInd	BBGLoadInd	String																				
BBGLoadType	BBGLoadType	String																				
BBGMktInstrumentId	BBGMktInstrumentId	String																				
BBGMonitor	BBGMonitor	String																				
BBGMonitorID	BBGMonitorID	String																				
BBGPriceSF	BBGPriceSF	Real	0	0	0	0	0	0	0	0	0	0	0	0		0	0	0	0	0	0	0
BBGQtySF	BBGQtySF	Integer	0	0	0	0	0	0	0	0	0	0	0	0		0	0	0	0	0	0	0
BBGRecordType	BBGRecordType	Integer	0	0	0	0	0	0	0	0	0	0	0	0		0	0	0	0	0	0	0
BBGRecordType1	BBGRecordType1	Integer	0	0	0	0	0	0	0	0	0	0	0	0		0	0	0	0	0	0	0
BBGRecordType2	BBGRecordType2	Integer	0	0	0	0	0	0	0	0	0	0	0	0		0	0	0	0	0	0	0
BBGRow	BBGRow	String																				
BBGSecShortName	BBGSecShortName	String	SNR ModModR USD +5 5Y3M	SNR ModModR USD +5 5Y3M																		
BBGYellowKey	BBGYellowKey	String																				
Benchmark	Benchmark	String	0	0	0	0	0	0	0	0	0	0	0	0		0	0	0	0	0	0	0
BenchmarkId	BenchmarkId	String			912828H5 Govt	912828H5 Govt	912828H5 Govt	912828H5 Govt	912828H5 Govt	912828H5 Govt	912828H5 Govt	912828H5 Govt	912828H5 Govt	912828H5 Govt		912828H5 Govt	912828H5 Govt	912828H5 Govt	912828H5 Govt	912828H5 Govt	912828H5 Future	912828H5 Future
BenchmarkMaturityStr	BenchmarkMaturityStr	String																				
BenchmarkUnderlyingCusip	BenchmarkCusip	String																				
BenchmarkUnderlyingIsin	BenchmarkIsin	String																				
BondCallOptionStyle	BondCallOptionStyle	Integer	0	0	2	2	1	1	1	1	0	0	0	0		2	1	1	0	0	0	0
BondPutOptionStyle	BondPutOptionStyle	Integer	0	0	0	0	1	1	1	1	0	0	0	0		0	1	1	0	0	0	0
CalculationTypeDescription	IndexLinkedTypeStr	String	None	None	IL	IL	IL	IL	IL	IL	None	None	None	None		IL	IL	IL	None	None	None	None
Calendar	Calendar	String	US	US	US	US	US	US	US	US	US	US	US	US		UnitedStat	UnitedStat	UnitedStat	US	US	US	US
CalendarId	CalendarId	String																				
CallableFlag	CallableFlag	Integer	0	0	1	1	1	1	1	1	0	0	0	0		0	0	0	0	0	0	0
CallNotifyDays	CallNotifyDays	Integer	0	0	0	0	1	1	1	1	0	0	0	0		0	1	1	0	0	0	0
CallSchedule	CallScheduleDate	String																				
CallSchedule	CallScheduleStrike	String																				
Category	Category	String	SingleName/Outright	SingleName/Outright	GOVT																	
CDSComplianceType	CDSComplianceType	Integer	2	2	0	0	0	0	0	0	0	0	0	0		0	0	0	0	0	0	0
CDSConfirmationType	CDSConfirmationType	String																				
CDSContractDefinition	CDSContractDefinition	Integer	0	0	0	0	0	0	0	0	0	0	0	0		0	0	0	0	0	0	0
CDSQuotationStyle	CDSQuotationStyle	Integer	2	2	0	0	0	0	0	0	0	0	0	0		0	0	0	0	0	0	0
CDSRefType	CDSRefType	Integer	1	1	0	0	0	0	0	0	0	0	0	0		0	0	0	0	0	0	0
CDSRestructuring	CDSRestructuring	Integer	3	3	0	0	0	0	0	0	0	0	0	0		0	0	0	0	0	0	0
CDSRollConvention	CDSRollConvention	Integer	0	0	0	0	0	0	0	0	0	0	0	0		0	0	0	0	0	0	0
CDSSeniority	CDSSeniority	Integer	1	1	0	0	0	0	0	0	0	0	0	0		0	0	0	0	0	0	0
CDSSenioritySub	CDSSenioritySub	Integer	0	0	0	0	0	0	0	0	0	0	0	0		0	0	0	0	0	0	0
CDSSeriesInt	CDSSeriesInt	Integer	0	0	0	0	0	0	0	0	0	0	0	0		0	0	0	0	0	0	0
CDSSeriesVersionInt	CDSSeriesVersionInt	Integer	0	0	0	0	0	0	0	0	0	0	0	0		0	0	0	0	0	0	0
CDSStdCompliance	CDSStdCompliance	Integer	2	2	0	0	0	0	0	0	0	0	0	0		0	0	0	0	0	0	0
CDSSubType	CDSSubType	Integer	2	2	0	0	0	0	0	0	0	0	0	0		0	0	0	0	0	0	0
Class	Class	String																				
ClearingCode	ClearingCode	String																				
ClearingMember	ClearingMember	String																				
Code	Code	String	9AAA47AC0	9AAA47AC0	T14547EE1	T14547EE1	C14547EE1	C14547EE1	A14547AA1	A14547AA1	G14547EE1	G14547EE1	P14547EE1	P14547EE1		T24547EE1	C24547EE1	A24547AA1	G24547EE1	P24547EE1	USZ4	USZ4
CollateralType	CollateralType	String	SR UNSECURED 	SR UNSECURED 	SR UNSECURED	SR SECURED	SR UNSECURED	SR SECURED	SR UNSECURED	SR SECURED	SR UNSECURED	SR SECURED	SR UNSECURED	SR SECURED		SR SECURED	SR SECURED	SR SECURED	SR SECURED	SR SECURED	SR SECURED	SR SECURED
Comments	Comments	String																				
CompoundingFreq	CompoundingFreq	Real	0	0	1	1	1	1	1	1	12	12	12	12		1	1	1	12	12	0	0
CountryIsoCode	Country	String			US	US	US	US	US	US	US	US	US	US		US	US	US	US	US	US	US
CouponConvention	CouponConvention	String	Mod bus day - unadj	Mod bus day - unadj	Mod bus day - unadj	Mod bus day - unadj	Mod bus day - unadj	Mod bus day - unadj	Mod bus day - unadj	Mod bus day - unadj	Mod bus day - unadj	Mod bus day - unadj	Mod bus day - unadj	Mod bus day - unadj		Mod bus day - unadj	Mod bus day - unadj	Mod bus day - unadj	Mod bus day - unadj	Mod bus day - unadj	Mod bus day - unadj	Mod bus day - unadj
CouponFreq	CouponFreq	Real	1	1	1	1	1	1	1	1	1	1	1	1		1	1	1	1	1	0	0
CouponInterest	CouponInterest	Real	5.21	5.21	5.21	6.21	5.21	6.21	5.21	6.21	5.21	6.21	5.21	6.21		6.21	6.21	6.21	6.21	6.21	6.21	6.21
CouponSchedule	CouponScheduleDate	String																				
CouponSchedule	CouponScheduleInterest	String																				
CouponType	CouponType	Integer	0	0	4	4	4	4	4	4	4	4	4	4		4	4	4	4	4	0	0
Cpr12M	Cpr12M	Real	0	0	0	0	0	0	0	0	0	0	0	0		0	0	0	0	0	0	0
Cpr1M	Cpr1M	Real	0	0	0	0	0	0	0	0	0	0	0	0		0	0	0	0	0	0	0
Cpr3M	Cpr3M	Real	0	0	0	0	0	0	0	0	0	0	0	0		0	0	0	0	0	0	0
Cpr6M	Cpr6M	Real	0	0	0	0	0	0	0	0	0	0	0	0		0	0	0	0	0	0	0
CprLife	CprLife	Real	0	0	0	0	0	0	0	0	0	0	0	0		0	0	0	0	0	0	0
CreationTemplateId	CreationTemplateId	String																				
CurrencyStr	CurrencyStr	String	USD	USD	USD	USD	USD	USD	USD	USD	USD	USD	USD	USD		USD	USD	USD	USD	USD	USD	USD
CurveId	CurveId	String																				
Cusip	Cusip	String			T14547EE1	T14547EE1	C14547EE1	C14547EE1	A14547AA1	A14547AA1	G14547EE1	G14547EE1	P14547EE1	P14547EE1		T24547EE1	C24547EE1	A24547AA1	G24547EE1	P24547EE1		
CusipBBG	CusipBBG	String			T14547EE1	T14547EE1	C14547EE1	C14547EE1	A14547AA1	A14547AA1	G14547EE1	G14547EE1	P14547EE1	P14547EE1		T24547EE1	C24547EE1	A24547AA1	G24547EE1	P24547EE1		
CustomSegment	CustomSegment	String																				
DateAnnounce	DateAnnounce	Date	0	0	20100108	20100108	20100108	20100108	20100108	20100108	0	0	0	0		20100108	20100108	20100108	0	0	0	0
DateAuction	DateAuction	Date	0	0	20100108	20100108	20100108	20100108	20100108	20100108	0	0	0	0		20100108	20100108	20100108	0	0	0	0
DateDated	DateDated	Date	0	0	20100908	20100908	20100908	20100908	20100908	20100908	20100908	20100908	0	0		20100908	20100908	20100908	20100908	0	0	0
DateFirstCoupon	DateFirstCoupon	Date	0	0	20110908	20110908	20110908	20110908	20110908	20110908	20110908	20110908	20110908	20110908		20110908	20110908	20110908	20110908	20110908	0	0
DateFirstDelivery	DateFirstDelivery	Date	0	0	0	0	0	0	0	0	0	0	0	0		0	0	0	0	0	20241202	20241202
DateFirstSettlement	DateFirstSettlement	Date	0	0	20100908	20100908	20100908	20100908	20100908	20100908	0	0	0	0		20100908	20100908	20100908	0	0	0	0
DateIssue	DateIssue	Date	0	0	20100908	20100908	20100908	20100908	20100908	20100908	20100908	20100908	20100908	20100908		20100908	20100908	20100908	20100908	20100908	0	0
DateLastCoupon	DateLastCoupon	Date	0	0	20190908	20190908	20190908	20190908	20190908	20190908	20190908	20190908	0	0		20190908	20190908	20190908	20190908	0	0	0
DateLastDelivery	DateLastDelivery	Date	0	0	0	0	0	0	0	0	0	0	0	0		0	0	0	0	0	20241231	20241231
DateLastTrade	DateLastTrade	Date	0	0	0	0	0	0	0	0	0	0	0	0		0	0	0	0	0	20241220	20241220
DateMaturity	DateMaturity	Date	20200908	20200908	20200908	20200908	20200908	20200908	20200908	20200908	20200908	20200908	20200908	20200908		20200908	20200908	20200908	20200908	20200908	20241220	20241220
DateReissue	DateReissue	Date	0	0	0	0	0	0	0	0	0	0	0	0		0	0	0	0	0	0	0
DateResetPrevious	DateResetPrevious	Date	0	0	0	0	0	0	0	0	0	0	0	0		0	0	0	0	0	0	0
DayCntConvention	DayCntConvention	Integer	0	0	1	3	1	3	1	3	1	3	1	3		11	11	11	3	3	0	0
DaysSettl	DaysSettl	Integer	0	0	0	0	0	0	0	0	0	0	0	0		0	0	0	0	0	0	0
Desc	Desc	String	SNR ModModR USD +5 5Y3M	SNR ModModR USD +5 5Y3M	BAYERN 2 3/8 09/08/20	BAYERN 2 3/8 09/08/20	BAYERN 2 3/8 09/08/20	BAYERN 2 3/8 09/08/20	BAYERN 2 3/8 09/08/20	BAYERN 2 3/8 09/08/20	BAYERN 2 3/8 09/08/20	BAYERN 2 3/8 09/08/20	BAYERN 2 3/8 09/08/20	BAYERN 2 3/8 09/08/20		BAYERN 2 3/8 09/08/20	BAYERN 2 3/8 09/08/20	BAYERN 2 3/8 09/08/20	BAYERN 2 3/8 09/08/20	BAYERN 2 3/8 09/08/20	BAYERN 2 3/8 09/08/20	BAYERN 2 3/8 09/08/20
DesCashFlow	CashFlowDate	String			20160908 20170908 20180908 20190908 20200908	20150908 20160908 20170908 20180908 20190908 20200908	20160908 20170908 20180908 20190908 20200908	20150908 20160908 20170908 20180908 20190908 20200908	20160908 20170908 20180908 20190908 20200908	20150908 20160908 20170908 20180908 20190908 20200908						20150908 20160908 20170908 20180908 20190908 20200908	20150908 20160908 20170908 20180908 20190908 20200908	20150908 20160908 20170908 20180908 20190908 20200908				
DesCashFlow	CashFlowInterest	String			42.54356000 42.94356000 42.01000000 42.01000000 42.01000000 42.01000000	42.54356000 42.94356000 42.01000000 42.01000000 42.01000000 42.01000000	42.54356000 42.94356000 42.01000000 42.01000000 42.01000000 42.01000000	42.54356000 42.94356000 42.01000000 42.01000000 42.01000000 42.01000000	42.54356000 42.94356000 42.01000000 42.01000000 42.01000000 42.01000000	42.54356000 42.94356000 42.01000000 42.01000000 42.01000000 42.01000000						0.10635890 0.10735890 0.10502500 0.10502500 0.10502500 0.10502500	0.10635890 0.10735890 0.10502500 0.10502500 0.10502500 0.10502500	0.10635890 0.10735890 0.10502500 0.10502500 0.10502500 0.10502500				
DesCashFlow	CashFlowPrincipal	String			0.00000000 0.00000000 0.00000000 0.00000000 0.00000000 0.00000000	0.00000000 0.00000000 0.00000000 0.00000000 0.00000000 0.00000000	0.00000000 0.00000000 0.00000000 0.00000000 0.00000000 0.00000000	0.00000000 0.00000000 0.00000000 0.00000000 0.00000000 0.00000000	0.00000000 0.00000000 0.00000000 0.00000000 0.00000000 0.00000000	0.00000000 0.00000000 0.00000000 0.00000000 0.00000000 0.00000000						0.00000000 0.00000000 0.00000000 0.00000000 0.00000000 0.00000000	0.00000000 0.00000000 0.00000000 0.00000000 0.00000000 0.00000000	0.00000000 0.00000000 0.00000000 0.00000000 0.00000000 0.00000000				
DiscountDecStatic	DiscountDecStatic	Integer	4	4	10	10	10	10	10	10	4	4	4	4		4	4	4	4	4	4	4
DiscountFmtStatic	DiscountFmtStatic	Integer	4	4	10	10	10	10	10	10	4	4	4	4		4	4	4	4	4	4	4
DiscountTickStatic	DiscountTickStatic	Real	0.001	0.001	0.002	0.002	0.002	0.002	0.002	0.002	0.001	0.001	0.001	0.001		0.001	0.001	0.001	0.001	0.001	0.001	0.001
EomAdjustFlag	EomAdjustFlag	Integer	0	0	2	2	2	2	2	2	2	2	2	2		2	2	2	2	2	0	0
ExDividendDays	ExDividendDays	Integer	0	0	5	5	5	5	5	5	0	0	0	0		5	5	5	0	0	0	0
ExDividendDaysType	ExDividendDaysType	Integer	0	0	2	2	2	2	2	2	0	0	0	0		0	0	0	0	0	0	0
ExternalId	ExternalId	String	CDSINST1	CDSINST1_UPD	TREASURYINST1	TREASURYINST1_UPD	CORPINST1	CORPINST1_UPD	AGENCYINST1	AGENCYINST1_UPD						T_INST1_UNSUPP_VALUES	C_INST1_UNSUPP_VALUES	A_INST1_UNSUPP_VALUES				
Factor	Factor	Real	1	1	1.2	2.2	1.2	2.2	1.2	2.2	1.2	2.2	1.2	2.2		2.2	2.2	2.2	2.2	2.2	1	1
FactorDate	FactorDate	Date	0	0	0	0	0	0	0	0	0	0	0	0		0	0	0	0	0	0	0
FactorSchedule	FactorScheduleDate	String			20160908 20170908 20180908 20190908 20200908	20150908 20160908 20170908 20180908 20190908 20200908	20160908 20170908 20180908 20190908 20200908	20150908 20160908 20170908 20180908 20190908 20200908	20160908 20170908 20180908 20190908 20200908	20150908 20160908 20170908 20180908 20190908 20200908						20150908 20160908 20170908 20180908 20190908 20200908	20150908 20160908 20170908 20180908 20190908 20200908	20150908 20160908 20170908 20180908 20190908 20200908				
FactorSchedule	FactorScheduleValue	String			2.0000000000 1.0000000000 2.0000000000 2.5000000000 2.5000000000	1.5000000000 2.0000000000 1.0000000000 2.0000000000 2.5000000000 2.5000000000	2.0000000000 1.0000000000 2.0000000000 2.5000000000 2.5000000000	1.5000000000 2.0000000000 1.0000000000 2.0000000000 2.5000000000 2.5000000000	2.0000000000 1.0000000000 2.0000000000 2.5000000000 2.5000000000	1.5000000000 2.0000000000 1.0000000000 2.0000000000 2.5000000000 2.5000000000						1.5000000000 2.0000000000 1.0000000000 2.0000000000 2.5000000000 2.5000000000	1.5000000000 2.0000000000 1.0000000000 2.0000000000 2.5000000000 2.5000000000	1.5000000000 2.0000000000 1.0000000000 2.0000000000 2.5000000000 2.5000000000				
FeedToPXE1	FeedToPXE1	Integer	0	0	0	0	0	0	0	0	0	0	0	0		0	0	0	0	0	0	0
FeedToPXE2	FeedToPXE2	Integer	0	0	0	0	0	0	0	0	0	0	0	0		0	0	0	0	0	0	0
FeedToPXE3	FeedToPXE3	Integer	0	0	0	0	0	0	0	0	0	0	0	0		0	0	0	0	0	0	0
FixToFloatFlag	FixToFloatFlag	Integer	0	0	1	1	1	1	1	1	0	0	0	0		1	1	1	0	0	0	0
FixToVariableFlag	FixToVariableFlag	Integer	0	0	1	1	1	1	1	1	0	0	0	0		1	1	1	0	0	0	0
FloaterCapRate	FloaterCapRate	Real	0	0	1.5	1.5	1.5	1.5	1.5	1.5	0	0	0	0		1.5	1.5	1.5	0	0	0	0
FloaterFlag	FloaterFlag	Integer	0	0	1	1	1	1	1	1	0	0	0	0		1	1	1	0	0	0	0
FloaterFloorRate	FloaterFloorRate	Real	0	0	1.6	1.6	1.6	1.6	1.6	1.6	0	0	0	0		1.6	1.6	1.6	0	0	0	0
FloaterIndex	FloaterIndex	String			AAA	AAA	AAA	AAA	AAA	AAA	AAA	AAA	AAA	AAA		AAA123456789BBB123456789CCC123456789DDD123456789EE	AAA123456789BBB123456789CCC123456789DDD123456789EE	AAA123456789BBB123456789CCC123456789DDD123456789EE	AAA	AAA		
FloaterMargin	FloaterMargin	Real	0	0	2.5	2.5	2.5	2.5	2.5	2.5	2.5	2.5	2.5	2.5		2.5	2.5	2.5	2.5	2.5	0	0
FloaterMultiplier	FloaterMultiplier	Real	0	0	0.5	0.5	0.5	0.5	0.5	0.5	0	0	0	0		0.5	0.5	0.5	0	0	0	0
FloaterReset	FloaterResetDate	String																				
FloaterReset	FloaterResetInterest	String																				
FloaterResetFreq	FloaterResetFreq	Integer	0	0	0	0	0	0	0	0	0	0	0	0		0	0	0	0	0	0	0
FloaterSchedule	FloaterScheduleDate	String																				
FloaterSchedule	FloaterScheduleInterest	String																				
FutureProductCode	FutureProductCode	String																			US	US
FuturesCTDId	FuturesCTDId	String																				
IndexLinkedFlag	IndexLinkedFlag	Integer	0	0	1	1	1	1	1	1	0	0	0	0		1	1	1	0	0	0	0
IndexStartValue	IndexStartValue	Real	0	0	0	0	0	0	0	0	0	0	0	0		0	0	0	0	0	0	0
IndexTicker	IndexTicker	String			AAA	AAA	AAA	AAA	AAA	AAA						AAA	AAA	AAA				
IndustryGroup	IndustryGroup	String			GOVT	GOVT	CORP	CORP	AGENCY	AGENCY	GENERIC	GENERIC	POOL	POOL		GOVT	CORP	AGENCY	GENERIC	POOL	FUTURE	FUTURE
IndustrySector	IndustrySector	String			GOVT	GOVT	CORP	CORP	AGENCY	AGENCY	GENERIC	GENERIC	POOL	POOL		GOVT	CORP	AGENCY	GENERIC	POOL	FUTURE 	FUTURE 
InsSubType	InsSubType	String	CDS	CDS	T	T	C	C	A	A	AB	AB	MBS	MBS		T	C	A	AB	MBS	UNKNOWN 	UNKNOWN 
InsType	InsType	String	D	D	T	T	C	C	A	A	G	G	P	P		T	C	A	G	P	F	F
InverseFloaterFlag	InverseFloaterFlag	Integer	0	0	0	0	1	1	1	1	0	0	0	0		0	1	1	0	0	0	0
IOFlag	IOFlag	Integer	0	0	0	0	0	0	0	0	2	2	0	0		0	0	0	2	0	0	0
IsBadFormed	IsBadFormed	Integer	0	0	0	0	0	0	0	0	0	0	0	0		0	0	0	0	0	0	0
Isin	Isin	String			UST14547EE10	UST14547EE20	USC14547EE10	USC14547EE20	USA14547AA10	USA14547AA20	USG14547EE10	USG14547EE20	USP14547EE10	USP14547EE20		UST24547EE20	USC24547EE20	USA24547AA20	USG24547EE20	USP24547EE20		
Issuer	Issuer	String			AAA	AAA	AAA	AAA	AAA	AAA	AAA	AAA	AAA	AAA		AAA	AAA	AAA	AAA	AAA		
IssuerIndustry	IssuerIndustry	String			GOVT	GOVT	CORP	CORP	AGENCY	AGENCY	GENERIC	GENERIC	POOL	POOL		GOVT	CORP	AGENCY	GENERIC	POOL	FUTURE	FUTURE
IssuerShortName	IssuerShortName	String			AAA	AAA	AAA	AAA	AAA	AAA	AAA	AAA	AAA	AAA		AAA	AAA	AAA	AAA	AAA		
MaturityMonthYear	MaturityMonthYear	Integer	202009	202009	202009	202009	202009	202009	202009	202009	202009	202009	202009	202009		202009	202009	202009	202009	202009	202412	201412
MBSArmFlag	MBSArmFlag	Integer	0	0	0	0	0	0	0	0	0	0	2	2		0	0	0	0	2	0	0
MBSCalendar	Calendar	String	US	US	US	US	US	US	US	US	US	US	US	US		UnitedStat	UnitedStat	UnitedStat	US	US	US	US
MBSPoolId	MBSPoolId	String											P001	P001						P021		
MXSCalendarId	MXSCalendarId	String																				
MXSCountry	MXSCountry	String																				
MXSMktInstrumentId	MXSMktInstrumentId	String																				
NegPrecision	NegPrecision	Integer	0	0	0	0	0	0	0	0	0	0	0	0		0	0	0	0	0	0	0
NegTick	NegTick	Real	0	0	0	0	0	0	0	0	0	0	0	0		0	0	0	0	0	0	0
PaymentDateAdjType	PaymentDateAdjType	Integer	0	0	2	2	2	2	2	2	2	2	2	2		2	2	2	2	2	2	2
PaymentDateAdjTypeStr	PaymentDateAdjTypeStr	String	Undef	Undef	Following	Following	Following	Following	Following	Following	Following	Following	Following	Following		Following	Following	Following	Following	Following	Following	Following
PaymentDelay	PaymentDelay	Integer	0	0	0	0	0	0	0	0	0	0	0	0		0	0	0	0	0	0	0
PerpetualFlag	PerpetualFlag	Integer	0	0	2	2	2	2	2	2	0	0	0	0		2	2	2	0	0	0	0
PhysicalFlag	PhysicalFlag	Integer	0	0	1	1	1	1	1	1	0	0	0	0		1	1	1	0	0	0	0
PINCalendarId	PINCalendarId	String																				
PINCountry	PINCountry	String																				
PINMktInstrumentId	PINMktInstrumentId	String																				
PrevFactor	PrevFactor	Real	0	0	0	0	0	0	0	0	-1	-1	2.2	2.8		0	0	0	-1	2.8	0	0
PriceBusinessType	PriceBusinessType	String	Rate	Rate																		
PriceDecStatic	PriceDecStatic	Integer	8	8	10	10	10	10	10	10	8	8	8	8		8	8	8	8	8	8	8
PriceMultiplier	PriceMultiplier	Real	0.01	0.01	0.6	0.6	0.6	0.6	0.6	0.6	0.01	0.01	0.01	0.01		0.01	0.01	0.01	0.01	0.01	0.0025	0.0025
PriceQuoteType	PriceQuoteType	Integer	1	1	1	1	1	1	1	1	1	1	1	1		1	1	1	1	1	1	1
PriceTickStatic	PriceTickStatic	Real	0.01	0.01	0.003	0.003	0.003	0.003	0.003	0.003	0.00390625	0.00390625	0.00390625	0.00390625		0.01	0.01	0.01	0.00390625	0.00390625	0.0025	0.0025
PricingId	PricingId	String																				
PutableFlag	PutableFlag	Integer	0	0	0	0	1	1	1	1	0	0	0	0		0	0	0	0	0	0	0
PutNotifyDays	PutNotifyDays	Integer	0	0	0	0	2	2	2	2	0	0	0	0		0	2	2	0	0	0	0
PutSchedule	PutScheduleDate	String																				
PutSchedule	PutScheduleStrike	String																				
PriceFmt	PriceFmt	Integer	3	3	8	8	8	8	8	8	46	46	46	46		8	8	8	46	46	8	8
PriceFmtStatic	PriceFmtStatic	Integer	3	3	8	8	8	8	8	8	46	46	46	46		8	8	8	46	46	8	8
QtyDec	QtyDec	Integer	6	6	10	10	10	10	10	10	6	6	6	6		6	6	6	6	6	6	6
QtyIssue	QtyIssue	Real	0	0	750000000	750000000	750000000	750000000	750000000	750000000	750000000	750000000	750000000	750000000		750000000	750000000	750000000	750.00045	750000000	0	0
QtyMax	QtyMax	Real	999999	999999	850000000	850000000	850000000	850000000	850000000	850000000	999999	999999	999999	999999		999999	999999	999999	999999	999999	999999	999999
QtyMin	QtyMin	Real	0.000001	0.000001	100	100	100	100	100	100	0.000001	0.000001	0.000001	0.000001		0.000001	0.000001	0.000001	0.000001	0.000001	0.000001	0.000001
QtyNominal	QtyNominal	Integer	1000000	1000000	2500	2500	2500	2500	2500	2500	2500	2500	2500	2500		1000000	1000000	1000000	1000000	2500	1000000	1000000
QtyRemaining	QtyRemaining	Real	0	0	447198000	447198000	447198000	447198000	447198000	447198000	447198000	447198000	447198000	447198000		447.123476	447.123476	447.123476	447198000	447198000	0	0
QtyTick	QtyTick	Real	1	1	0.004	0.004	0.004	0.004	0.004	0.004	1	1	1	1		1	1	1	1	1	1	1
RatingClearstream	RatingClearstream	String			A+	A+	A+	A+	A+	A+	A+	A+	A+	A+		A+	A+	A+	A+	A+		
RatingEuroclear	RatingEuroclear	String			A+	A+	A+	A+	A+	A+	A+	A+	A+	A+		A+	A+	A+	A+	A+		
RatingFitch	RatingFitch	String			A+	A+	A+	A+	A+	A+	A+	A+	A+	A+		A+	A+	A+	A+	A+		
RatingMoodys	RatingMoodys	String			NR	NR	NR	NR	NR	NR	NR	NR	NR	NR		NR	NR	NR	NR	NR		
RatingStandardPoors	RatingStandardPoors	String			AAA	AAA	AAA	AAA	AAA	AAA	AAA	AAA	AAA	AAA		AAA	AAA	AAA	AAA	AAA		
RedemptionValue	RedemptionValue	Real	0	0	100	100	100	100	100	100	100	100	100	100		100	100	100	100	100	0	0
RefEntity	RefEntity	String																				
ReferenceDataSource	ReferenceDataSource	String	Bloomberg	Bloomberg	Bloomberg	Bloomberg	Bloomberg	Bloomberg	Bloomberg	Bloomberg	Bloomberg	Bloomberg	Bloomberg	Bloomberg		Bloomberg	Bloomberg	Bloomberg	Bloomberg	Bloomberg	Bloomberg	Bloomberg
RepoDayCntConvention	RepoDayCntConvention	Integer	0	0	3	3	3	3	3	3	0	0	0	0		0	0	0	0	0	0	0
ReutersInstrumentCode	RIC	String	T	T	T	T	C	C	A	A	G	G	P	P		T	C	A	G	P	G	G
RevId	RevId	Integer	1	2	1	2	1	2	1	2	1	2	1	2		1	1	1	1	1	1	1
RollType	EomAdjustFlag	Integer	0	0	2	2	2	2	2	2	2	2	2	2		2	2	2	2	2	0	0
SecurityType	SecurityType	Integer	12	12	2	2	2	2	2	2	0	0	2	2		2	2	2	0	2	4	4
Segment	Segment	String	CDS	CDS	GOVT	GOVT	CORP	CORP	AGENCY	AGENCY	GENERIC	GENERIC	POOL	POOL_UPD		GOVT	CORP	AGENCY	GENERIC	POOL_UPD	FUTURE	FUTURE
Seniority	Seniority	Integer	1	1	2	2	2	2	2	2	2	2	2	2		2	2	2	2	2	2	2
Series	Series	String																				
SettlDays	SettlDays	Integer	0	0	1	1	1	1	1	1	1	1	1	1		1	1	1	1	1	0	0
SinkableFlag	SinkableFlag	Integer	0	0	1	1	1	1	1	1	0	0	0	0		1	1	1	0	0	0	0
SinkSchedule	SinkScheduleDate	String			20160908 20170908 20180908 20190908 20200908	20150908 20160908 20170908 20180908 20190908 20200908	20160908 20170908 20180908 20190908 20200908	20150908 20160908 20170908 20180908 20190908 20200908	20160908 20170908 20180908 20190908 20200908	20150908 20160908 20170908 20180908 20190908 20200908						20150908 20160908 20170908 20180908 20190908 20200908	20150908 20160908 20170908 20180908 20190908 20200908	20150908 20160908 20170908 20180908 20190908 20200908				
SinkSchedule	SinkScheduleValue	String			0.0000002800 0.0000001467 0.0000002933 0.0000003333 0.0000003467	0.0000002133 0.0000002800 0.0000001467 0.0000002933 0.0000003333 0.0000003467	0.0000002800 0.0000001467 0.0000002933 0.0000003333 0.0000003467	0.0000002133 0.0000002800 0.0000001467 0.0000002933 0.0000003333 0.0000003467	0.0000002800 0.0000001467 0.0000002933 0.0000003333 0.0000003467	0.0000002133 0.0000002800 0.0000001467 0.0000002933 0.0000003333 0.0000003467						0.0000002133 0.0000002800 0.0000001467 0.0000002933 0.0000003333 0.0000003467	0.0000002133 0.0000002800 0.0000001467 0.0000002933 0.0000003333 0.0000003467	0.0000002133 0.0000002800 0.0000001467 0.0000002933 0.0000003333 0.0000003467				
SplitId	SplitId	String																				
StripsParentInstrumentId	StripsParentInstrumentId	String																				
TenorMonth	TenorMonth	Real	63	63	0	0	0	0	0	0	0	0	0	0		0	0	0	0	0	0	0
TenorUnit	TenorUnit	String	Undef	Undef																		
TermBBGCode	TermBBGCode	String																				
Ticker	Ticker	String			T	T	C	C	A	A	GENERIC	GENERIC	POOL	POOL_UPD		AAA123456789BBB123456789C	CAA123456789BBB123456789C	AGA123456789BBB123456789C	GAA123456789BBB123456789C 	P_UNSUP_VALUE	USZ4	USZ4
TWEBCalendarId	TWEBCalendarId	String																				
TWEBCountry	TWEBCountry	String																				
TWEBMktInstrumentId	TWEBMktInstrumentId	String																				
TWEBUSCalendarId	TWEBUSCalendarId	String																				
TWEBUSCountry	TWEBUSCountry	String																				
TWEBUSMktInstrumentId	TWEBUSMktInstrumentId	String																				
UnderlyingDesc	UnderlyingDesc	String																				
ValueFmt	ValueFmt	Integer	3	3	8	8	8	8	8	8	46	46	46	46		8	8	8	46	46	8	8
ValueMax	ValueMax	Real	1000	1000	1000000	1000000	1000000	1000000	1000000	1000000	1000	1000	1000	1000		1000	1000	1000	1000	1000	1000	1000
ValueMin	ValueMin	Real	0	0	10	10	10	10	10	10	0	0	0	0		0	0	0	0	0	0	0
ValueType	ValueType	Integer	1	1	1	1	1	1	1	1	1	1	1	1		1	1	1	1	1	1	1
WAC	WAC	Real	0	0	0	0	0	0	0	0	0	0	0	0		0	0	0	0	0	0	0
WALA	WALA	Real	0	0	0	0	0	0	0	0	0	0	0	0		0	0	0	0	0	0	0
WAM	WAM	Real	0	0	0	0	0	0	0	0	0	0	0	0		0	0	0	0	0	0	0
WertpapierId	WertpapierId	String																				
WIRollFlag	WIRollFlag	Integer	0	0	2	2	2	2	2	2	0	0	0	0		2	2	2	0	0	0	0
Year	Year	Integer	0	0	0	0	0	0	0	0	0	0	0	0		0	0	0	0	0	0	0
YieldDecStatic	YieldDecStatic	Integer	4	4	12	12	12	12	12	12	4	4	4	4		4	4	4	4	4	4	4
YieldTickStatic	YieldTickStatic	Real	0.001	0.001	0.005	0.005	0.005	0.005	0.005	0.005	0.001	0.001	0.001	0.001		0.001	0.001	0.001	0.001	0.001	0.0025	0.0025
ZeroCouponFlag	ZeroCouponFlag	Integer	0	0	0	0	0	0	0	0	0	0	0	0		0	0	0	0	0	0	0
AvgLife	AvgLife	String									Months	Years							Years			
Index	Index	Integer	0	0	0	0	0	0	0	0	1	2	0	0		0	0	0	2	0	0	0
ACLS	ACLS	Real	NaN	NaN	NaN	NaN	NaN	NaN	NaN	NaN	NaN	NaN	45.5	55.5		NaN	NaN	NaN	NaN	55.5	NaN	NaN
CPRDate	CPRDate	Date	0	0	0	0	0	0	0	0	0	0	20150101	20150427		0	0	0	0	20150427	0	0
Pool_Text_Comm	Pool_Text_Comm	String											POOL	UPDATE ON POOL						UPDATE ON POOL		
Test_Integer_Pool	Test_Integer_Pool	Integer	2147483647	2147483647	2147483647	2147483647	2147483647	2147483647	2147483647	2147483647	2147483647	2147483647	50	60		2147483647	2147483647	2147483647	2147483647	60	2147483647	2147483647
